kp,ki,rmse_m,desired_depth_m,duration_s,distance_m,cut_limit_reached
0.002,0.0,0.28682561647043525,0.3,4.999999999999938,11.09948477318057,False
0.004,0.0,0.2833792444359493,0.3,4.999999999999938,11.099471970911358,False
0.008,0.0,0.2668966222976627,0.3,4.999999999999938,11.099446366464479,False
0.016,0.0,0.24523756850843748,0.3,4.999999999999938,11.0993951583031,False
0.032,0.0,0.24238411415541414,0.3,4.999999999999938,11.099388645019094,False
0.064,0.0,0.2994604421040223,0.3,4.999999999999938,11.099388645019094,False
0.128,0.0,0.2586805401476787,0.3,4.999999999999938,11.099388645019094,False
0.256,0.0,0.26004799342038415,0.3,4.999999999999938,11.099388645019094,False
0.512,0.0,0.2568536813085105,0.3,4.999999999999938,11.099388645019094,False
1.024,0.0,0.25429908016191377,0.3,4.999999999999938,11.099388645019094,False
0.002,0.002,0.4139637603098308,0.3,4.999999999999938,11.099484645157792,False
0.004,0.002,0.43088410085456097,0.3,4.999999999999938,11.099471842888775,False
0.008,0.002,0.31104332818421376,0.3,4.999999999999938,11.099446238442683,False
0.016,0.002,0.2410303786597117,0.3,4.999999999999938,11.099395030284445,False
0.032,0.002,0.25732264464757026,0.3,4.999999999999938,11.099388645019094,False
0.064,0.002,0.3018599946143805,0.3,4.999999999999938,11.099388645019094,False
0.128,0.002,0.2587431460481798,0.3,4.999999999999938,11.099388645019094,False
0.256,0.002,0.26005783033854357,0.3,4.999999999999938,11.099388645019094,False
0.512,0.002,0.2568550060771938,0.3,4.999999999999938,11.099388645019094,False
1.024,0.002,0.25429895101485284,0.3,4.999999999999938,11.099388645019094,False
0.002,0.004,0.5762673946146664,0.3,4.999999999999938,11.099484517135016,False
0.004,0.004,0.504111176384435,0.3,4.999999999999938,11.099471714866196,False
0.008,0.004,0.34700449410040224,0.3,4.999999999999938,11.099446110420892,False
0.016,0.004,0.2504470011048278,0.3,4.999999999999938,11.099394902265802,False
0.032,0.004,0.26417512101767626,0.3,4.999999999999938,11.099388645019094,False
0.064,0.004,0.3050585637828279,0.3,4.999999999999938,11.099388645019094,False
0.128,0.004,0.25880554306995207,0.3,4.999999999999938,11.099388645019094,False
0.256,0.004,0.2600676493182926,0.3,4.999999999999938,11.099388645019094,False
0.512,0.004,0.2568563290119971,0.3,4.999999999999938,11.099388645019094,False
1.024,0.004,0.25430959172176315,0.3,4.999999999999938,11.099388645019094,False
0.002,0.008,0.591057473396004,0.3,4.999999999999938,11.099484261089465,False
0.004,0.008,0.5557121462704757,0.3,4.999999999999938,11.099471458821046,False
0.008,0.008,0.3933617092863427,0.3,4.999999999999938,11.099445854377327,False
0.016,0.008,0.2722586217048719,0.3,4.999999999999938,11.099394646228545,False
0.032,0.008,0.2681700208168972,0.3,4.999999999999938,11.099388645019094,False
0.064,0.008,0.3103419024156539,0.3,4.999999999999938,11.099388645019094,False
0.128,0.008,0.2589297582910945,0.3,4.999999999999938,11.099388645019094,False
0.256,0.008,0.26008723050242716,0.3,4.999999999999938,11.099388645019094,False
0.512,0.008,0.2568589686841387,0.3,4.999999999999938,11.099388645019094,False
1.024,0.008,0.2543095912616658,0.3,4.999999999999938,11.099388645019094,False
0.002,0.016,0.5774804551613277,0.3,4.999999999999938,11.099483748998379,False
0.004,0.016,0.5495508272573351,0.3,4.999999999999938,11.099470946730777,False
0.008,0.016,0.4636887804991889,0.3,4.999999999999938,11.09944534229026,False
0.016,0.016,0.3006814170524725,0.3,4.999999999999938,11.099394134154158,False
0.032,0.016,0.31989195912386675,0.3,4.999999999999938,11.099388645019094,False
0.064,0.016,0.32389962906592673,0.3,4.999999999999938,11.099388645019094,False
0.128,0.016,0.25916384633142253,0.3,4.999999999999938,11.099388645019094,False
0.256,0.016,0.2601261609327305,0.3,4.999999999999938,11.099388645019094,False
0.512,0.016,0.25686422496576006,0.3,4.999999999999938,11.099388645019094,False
1.024,0.016,0.25430959230703676,0.3,4.999999999999938,11.099388645019094,False
0.002,0.032,0.5552048450896006,0.3,4.999999999999938,11.099482724816278,False
0.004,0.032,0.5292207216535085,0.3,4.999999999999938,11.099469922550371,False
0.008,0.032,0.5031800062143147,0.3,4.999999999999938,11.099444318116381,False
0.016,0.032,0.34557318416361726,0.3,4.999999999999938,11.099393110005893,False
0.032,0.032,0.3485585680621477,0.3,4.999999999999938,11.099388645019094,False
0.064,0.032,0.3121540383365131,0.3,4.999999999999938,11.099388645019094,False
0.128,0.032,0.2596680179716722,0.3,4.999999999999938,11.099388645019094,False
0.256,0.032,0.260203132992016,0.3,4.999999999999938,11.099388645019094,False
0.512,0.032,0.2568745059917268,0.3,4.999999999999938,11.099388645019094,False
1.024,0.032,0.254309608639116,0.3,4.999999999999938,11.099388645019094,False
0.002,0.064,0.5388671287820457,0.3,4.999999999999938,11.099480676452373,False
0.004,0.064,0.5293504442631891,0.3,4.999999999999938,11.099467874190108,False
0.008,0.064,0.5107920448335892,0.3,4.999999999999938,11.099442269769678,False
0.016,0.064,0.4213633133226784,0.3,4.999999999999938,11.099391061711417,False
0.032,0.064,0.2712049243553657,0.3,4.999999999999938,11.099388645019094,False
0.064,0.064,0.28103075290283897,0.3,4.999999999999938,11.099388645019094,False
0.128,0.064,0.26011975986657937,0.3,4.999999999999938,11.099388645019094,False
0.256,0.064,0.2603535594329871,0.3,4.999999999999938,11.099388645019094,False
0.512,0.064,0.256895001159092,0.3,4.999999999999938,11.099388645019094,False
1.024,0.064,0.25430968467448534,0.3,4.999999999999938,11.099388645019094,False
0.002,0.128,0.5189931139834959,0.3,4.999999999999938,11.099476579725945,False
0.004,0.128,0.5122285854359032,0.3,4.999999999999938,11.099463777471964,False
0.008,0.128,0.49418520316759035,0.3,4.999999999999938,11.099438173080662,False
0.016,0.128,0.45130014952720876,0.3,4.999999999999938,11.099388645019094,False
0.032,0.128,0.3348492755081346,0.3,4.999999999999938,11.099388645019094,False
0.064,0.128,0.26382874559874153,0.3,4.999999999999938,11.099388645019094,False
0.128,0.128,0.261130012252897,0.3,4.999999999999938,11.099388645019094,False
0.256,0.128,0.26062988578006724,0.3,4.999999999999938,11.099388645019094,False
0.512,0.128,0.25691857617358016,0.3,4.999999999999938,11.099388645019094,False
1.024,0.128,0.25431000017826383,0.3,4.999999999999938,11.099388645019094,False
0.002,0.256,0.49266955371010257,0.3,4.999999999999938,11.099468386280103,False
0.004,0.256,0.4916703028544016,0.3,4.999999999999938,11.099455584046714,False
0.008,0.256,0.47523102639184983,0.3,4.999999999999938,11.099429979721702,False
0.016,0.256,0.43579249653659835,0.3,4.999999999999938,11.099388645019094,False
0.032,0.256,0.36925058829680857,0.3,4.999999999999938,11.099388645019094,False
0.064,0.256,0.25633969139156226,0.3,4.999999999999938,11.099388645019094,False
0.128,0.256,0.2641541509567519,0.3,4.999999999999938,11.099388645019094,False
0.256,0.256,0.2611415252553291,0.3,4.999999999999938,11.099388645019094,False
0.512,0.256,0.25699364719092216,0.3,4.999999999999938,11.099388645019094,False
1.024,0.256,0.25432427310251365,0.3,4.999999999999938,11.099388645019094,False
0.002,0.512,0.4482347723353718,0.3,4.999999999999938,11.099451999428489,False
0.004,0.512,0.438638379526051,0.3,4.999999999999938,11.09943919725235,False
0.008,0.512,0.41698880788962706,0.3,4.999999999999938,11.099413593092063,False
0.016,0.512,0.4016204018870854,0.3,4.999999999999938,11.099388645019094,False
0.032,0.512,0.34459959304610915,0.3,4.999999999999938,11.099388645019094,False
0.064,0.512,0.2964807561834288,0.3,4.999999999999938,11.099388645019094,False
0.128,0.512,0.2660693387307756,0.3,4.999999999999938,11.099388645019094,False
0.256,0.512,0.26173666662600265,0.3,4.999999999999938,11.099388645019094,False
0.512,0.512,0.25711528912392223,0.3,4.999999999999938,11.099388645019094,False
1.024,0.512,0.2543332872402004,0.3,4.999999999999938,11.099388645019094,False
