kp,kd,rmse_m,desired_depth_m,duration_s,distance_m,cut_limit_reached
0.01,0.0,0.24856559257471436,0.3,4.999999999999938,11.09943356431297,False
0.02,0.0,0.2592594469972584,0.3,4.999999999999938,11.099388645019094,False
0.04,0.0,0.2766779611392894,0.3,4.999999999999938,11.099388645019094,False
0.08,0.0,0.27240953225311365,0.3,4.999999999999938,11.099388645019094,False
0.16,0.0,0.2592622601087241,0.3,4.999999999999938,11.099388645019094,False
0.32,0.0,0.259223853365764,0.3,4.999999999999938,11.099388645019094,False
0.64,0.0,0.25587936974347536,0.3,4.999999999999938,11.099388645019094,False
1.28,0.0,0.2552140350827584,0.3,4.999999999999938,11.099388645019094,False
0.01,0.002,0.1788798873257689,0.3,4.999999999999938,11.09943356431297,False
0.02,0.002,0.1711510137773751,0.3,4.999999999999938,11.099388645019094,False
0.04,0.002,0.16253929149758065,0.3,4.999999999999938,11.099388645019094,False
0.08,0.002,0.30914845572411404,0.3,4.999999999999938,11.099388645019094,False
0.16,0.002,0.2525781967871839,0.3,4.999999999999938,11.099388645019094,False
0.32,0.002,0.2571682039005922,0.3,4.999999999999938,11.099388645019094,False
0.64,0.002,0.2558132928910231,0.3,4.999999999999938,11.099388645019094,False
1.28,0.002,0.2543287263335111,0.3,4.999999999999938,11.099388645019094,False
0.01,0.004,0.1482898986515086,0.3,4.999999999999938,11.09943356431297,False
0.02,0.004,0.14270249719853992,0.3,4.999999999999938,11.099388645019094,False
0.04,0.004,0.12901213078515852,0.3,4.999999999999938,11.099388645019094,False
0.08,0.004,0.21801131772001836,0.3,4.999999999999938,11.099388645019094,False
0.16,0.004,0.3041568414072921,0.3,4.999999999999938,11.099388645019094,False
0.32,0.004,0.25484821105467537,0.3,4.999999999999938,11.099388645019094,False
0.64,0.004,0.2556495982796562,0.3,4.999999999999938,11.099388645019094,False
1.28,0.004,0.2543527483156373,0.3,4.999999999999938,11.099388645019094,False
0.01,0.008,0.129153645575829,0.3,4.999999999999938,11.09943356431297,False
0.02,0.008,0.12067190962347288,0.3,4.999999999999938,11.099388645019094,False
0.04,0.008,0.10660053013149443,0.3,4.999999999999938,11.099388645019094,False
0.08,0.008,0.13205479495263328,0.3,4.999999999999938,11.099388645019094,False
0.16,0.008,0.29894699438785993,0.3,4.999999999999938,11.099388645019094,False
0.32,0.008,0.2689195645828039,0.3,4.999999999999938,11.099388645019094,False
0.64,0.008,0.2508460400482918,0.3,4.999999999999938,11.099388645019094,False
1.28,0.008,0.26238665820861207,0.3,4.999999999999938,11.099388645019094,False
0.01,0.016,0.2770015121784816,0.3,4.999999999999938,11.09943356431297,False
0.02,0.016,0.14913511247455818,0.3,4.999999999999938,11.099388645019094,False
0.04,0.016,0.12732364592218104,0.3,4.999999999999938,11.099388645019094,False
0.08,0.016,0.10853126481523892,0.3,4.999999999999938,11.099388645019094,False
0.16,0.016,0.13810278283988195,0.3,4.999999999999938,11.099388645019094,False
0.32,0.016,0.2210781877092454,0.3,4.999999999999938,11.099388645019094,False
0.64,0.016,0.29743370660411855,0.3,4.999999999999938,11.099388645019094,False
1.28,0.016,0.2810551743004305,0.3,4.999999999999938,11.099388645019094,False
0.01,0.032,0.29434697051319836,0.3,4.999999999999938,11.09943356431297,False
0.02,0.032,0.29500067127503987,0.3,4.999999999999938,11.099388645019094,False
0.04,0.032,0.24128512680965872,0.3,4.999999999999938,11.099388645019094,False
0.08,0.032,0.15901839896596687,0.3,4.999999999999938,11.099388645019094,False
0.16,0.032,0.1104017647565782,0.3,4.999999999999938,11.099388645019094,False
0.32,0.032,0.12727990664442468,0.3,4.999999999999938,11.099388645019094,False
0.64,0.032,0.16194239231126872,0.3,4.999999999999938,11.099388645019094,False
1.28,0.032,0.33059502675832547,0.3,4.999999999999938,11.099388645019094,False
0.01,0.064,0.29434697051319836,0.3,4.999999999999938,11.09943356431297,False
0.02,0.064,0.3014535420311747,0.3,4.999999999999938,11.099388645019094,False
0.04,0.064,0.3013062419111655,0.3,4.999999999999938,11.099388645019094,False
0.08,0.064,0.26701876624304016,0.3,4.999999999999938,11.099388645019094,False
0.16,0.064,0.16018026061310994,0.3,4.999999999999938,11.099388645019094,False
0.32,0.064,0.09952181768229834,0.3,4.999999999999938,11.099388645019094,False
0.64,0.064,0.12063965728560848,0.3,4.999999999999938,11.099388645019094,False
1.28,0.064,0.16540546474356602,0.3,4.999999999999938,11.099388645019094,False
0.01,0.128,0.29434697051319836,0.3,4.999999999999938,11.09943356431297,False
0.02,0.128,0.29366410416675387,0.3,4.999999999999938,11.099388645019094,False
0.04,0.128,0.28706130350688214,0.3,4.999999999999938,11.099388645019094,False
0.08,0.128,0.28706130350688214,0.3,4.999999999999938,11.099388645019094,False
0.16,0.128,0.26701876624304016,0.3,4.999999999999938,11.099388645019094,False
0.32,0.128,0.11475278826474014,0.3,4.999999999999938,11.099388645019094,False
0.64,0.128,0.09242293805080902,0.3,4.999999999999938,11.099388645019094,False
1.28,0.128,0.1330317465045847,0.3,4.999999999999938,11.099388645019094,False
