Stage,Refinement,GainMagnitude,AppliedGain,Success,Samples,FinalTime_s,RollRMSE_mrad,DepthRMSE_mm,YawRMSE_mrad,RollPlusDepth,Objective,Message
log,0,0.1,-0.1,1,439,0.438,3.57792731472017,17.5639607710107,3.57792731472017,21.1418880857308,17.5639607710107,
log,0,1,-1,1,423,0.422,2.00301683629262,6.67541959352497,2.00301683629262,8.67843642981759,6.67541959352497,
log,0,10,-10,1,462,0.461,5.09210976568459,6.31663904262065,5.09210976568459,11.4087488083052,6.31663904262065,
log,0,100,-100,1,804,0.803,2461.18620779849,783.81880115323,2461.18620779849,3245.00500895172,783.81880115323,
linear,1,1,-1,1,423,0.422,2.00301683629262,6.67541959352497,2.00301683629262,8.67843642981759,6.67541959352497,
linear,1,10.9,-10.9,1,466,0.465,5.35967572779131,6.60989669653673,5.35967572779131,11.969572424328,6.60989669653673,
linear,1,20.8,-20.8,1,520,0.519,8.20473963080606,9.91613782787521,8.20473963080606,18.1208774586813,9.91613782787521,
linear,1,30.7,-30.7,1,610,0.609,11.0706414266827,13.3313734602704,11.0706414266827,24.4020148869531,13.3313734602704,
linear,1,40.6,-40.6,1,850,0.849,14.3252047601871,17.2178788168255,14.3252047601871,31.5430835770126,17.2178788168255,
linear,1,50.5,-50.5,1,2001,2,18.4534485702655,22.1495577306223,18.4534485702655,40.6030063008878,22.1495577306223,
linear,1,60.4,-60.4,1,2001,2,24.6923135257289,29.6225322738739,24.6923135257289,54.3148457996028,29.6225322738739,
linear,1,70.3,-70.3,1,2001,2,37.8166653757244,45.3231834078876,37.8166653757244,83.139848783612,45.3231834078876,
linear,1,80.2,-80.2,1,1518,1.517,2348.94572673199,475.91081054386,2348.94572673199,2824.85653727585,475.91081054386,
linear,1,90.1,-90.1,1,2001,2,2764.00672307647,535.174648369012,2764.00672307647,3299.18137144548,535.174648369012,
linear,1,100,-100,1,804,0.803,2461.18620779849,783.81880115323,2461.18620779849,3245.00500895172,783.81880115323,
linear,2,1,-1,1,423,0.422,2.00301683629262,6.67541959352497,2.00301683629262,8.67843642981759,6.67541959352497,
linear,2,2.98,-2.98,1,432,0.431,2.81745337228594,4.77466241151516,2.81745337228594,7.59211578380109,4.77466241151516,
linear,2,4.96,-4.96,1,440,0.439,3.51789207001195,4.88858937903086,3.51789207001195,8.40648144904281,4.88858937903086,
linear,2,6.94,-6.94,1,449,0.448,4.16526940233161,5.38037868004219,4.16526940233161,9.54564808237379,5.38037868004219,
linear,2,8.92,-8.92,1,457,0.456,4.76809187465357,5.97130910814848,4.76809187465357,10.7394009828021,5.97130910814848,
linear,2,10.9,-10.9,1,466,0.465,5.35967572779131,6.60989669653673,5.35967572779131,11.969572424328,6.60989669653673,
linear,2,12.88,-12.88,1,476,0.475,5.98093961467694,7.31157943955256,5.98093961467694,13.2925190542295,7.31157943955256,
linear,2,14.86,-14.86,1,486,0.485,6.52611546599602,7.94016702313384,6.52611546599602,14.4662824891299,7.94016702313384,
linear,2,16.84,-16.84,1,496,0.495,7.09528064988766,8.60567876652617,7.09528064988766,15.7009594164138,8.60567876652617,
linear,2,18.82,-18.82,1,507,0.506,7.66483873415014,9.27679837816042,7.66483873415014,16.9416371123106,9.27679837816042,
linear,2,20.8,-20.8,1,520,0.519,8.20473963080606,9.91613782787521,8.20473963080606,18.1208774586813,9.91613782787521,
linear,3,1,-1,1,423,0.422,2.00301683629262,6.67541959352497,2.00301683629262,8.67843642981759,6.67541959352497,
linear,3,1.396,-1.396,1,424,0.423,2.16739839901075,5.81620181298085,2.16739839901075,7.9836002119916,5.81620181298085,
linear,3,1.792,-1.792,1,425,0.424,2.3439836058265,5.33458433299187,2.3439836058265,7.67856793881837,5.33458433299187,
linear,3,2.188,-2.188,1,428,0.427,2.50911560508895,5.03963931352644,2.50911560508895,7.5487549186154,5.03963931352644,
linear,3,2.584,-2.584,1,430,0.429,2.66696110417437,4.86818569065951,2.66696110417437,7.53514679483387,4.86818569065951,
linear,3,2.98,-2.98,1,432,0.431,2.81745337228594,4.77466241151516,2.81745337228594,7.59211578380109,4.77466241151516,
linear,3,3.376,-3.376,1,434,0.433,2.96014231979384,4.73264572924635,2.96014231979384,7.69278804904019,4.73264572924635,
linear,3,3.772,-3.772,1,436,0.435,3.10088611608623,4.73076628472222,3.10088611608623,7.83165240080845,4.73076628472222,
linear,3,4.168,-4.168,1,437,0.436,3.23878113880458,4.76047003900361,3.23878113880458,7.99925117780818,4.76047003900361,
linear,3,4.564,-4.564,1,439,0.438,3.3819406965501,4.81742708931722,3.3819406965501,8.19936778586731,4.81742708931722,
linear,3,4.96,-4.96,1,440,0.439,3.51789207001195,4.88858937903086,3.51789207001195,8.40648144904281,4.88858937903086,
