Case,CaseName,Controller,PaperOutput,Samples,FinalTime_s,RollRMSE_mrad,DepthRMSE_mm,YawRMSE_mrad
1,"Case 1 - compact soil, noisy observer",P,1,427,0.426,3.09737196265512,4.79251130152778,3.09737196265512
1,"Case 1 - compact soil, noisy observer",PI,2,436,0.435,3.10088611608623,4.73076628472222,3.10088611608623
1,"Case 1 - compact soil, noisy observer",Fzy PID,3,503,0.502,2.97463855069626,4.37864543335674,2.97463855069626
1,"Case 1 - compact soil, noisy observer",Fzy (Prop.),4,447,0.446,2.95256986522059,4.40187503039067,2.95256986522059
2,"Case 2 - loose soil, noisy observer",P,9,589,0.588,2.97165752809752,5.03916376858806,2.97165752809752
2,"Case 2 - loose soil, noisy observer",PI,10,615,0.614,2.95313309798535,4.90318061826395,2.95313309798535
2,"Case 2 - loose soil, noisy observer",Fzy PID,11,908,0.907,3.50152644932897,4.82994074647584,3.50152644932897
2,"Case 2 - loose soil, noisy observer",Fzy (Prop.),12,624,0.623,2.8324322561191,4.47737365573787,2.8324322561191
3,"Case 3 - compact soil, no observer noise",P,5,428,0.427,0.570118332819778,3.4210460610529,0.570118332819778
3,"Case 3 - compact soil, no observer noise",PI,6,438,0.437,0.563308902100166,3.38018637728367,0.563308902100166
3,"Case 3 - compact soil, no observer noise",Fzy PID,7,421,0.42,0.617163887676668,3.56858540324946,0.617163887676668
3,"Case 3 - compact soil, no observer noise",Fzy (Prop.),8,387,0.386,1.60758089536324,5.160641904514,1.60758089536324
